attempt,distance_m,target_color,crop_scale,interval_s,color_min_area_px,color_min_component_area_px,red_saturation_min,red_value_min,color_visible,color_recognition_time_ms,red_pixel_count,red_pixel_ratio_pct,red_hue_circular_mean_deg,red_saturation_mean,red_value_mean,red_b_mean,red_g_mean,red_r_mean,color_component_area_px,color_center_distance_px,camera_frame_id,camera_captured_ns,status,started_at,finished_at
1,3.0,red,0.6,0.2,125.0,50.0,130,110,1,56.592678,2736,0.296875,356.3157110357254,144.73391812865498,141.56688596491227,66.05445906432749,61.20979532163743,141.56688596491227,2645.0,61.032778078668514,53,26740574228618,success,2026-07-27T21:06:51.077+09:00,2026-07-27T21:06:51.178+09:00
2,3.0,red,0.6,0.2,125.0,50.0,130,110,1,86.143911,2647,0.2872178819444445,356.75511214944925,143.92368719304872,139.74272761616925,64.95844352096714,60.878730638458634,139.74272761616925,2557.5,61.032778078668514,55,26740711131798,success,2026-07-27T21:06:51.183+09:00,2026-07-27T21:06:51.300+09:00
3,3.0,red,0.6,0.2,125.0,50.0,130,110,1,36.712899,2743,0.2976345486111111,355.98665107498806,145.18082391542106,140.3638352169158,65.62923806051768,60.42034269048487,140.3638352169158,2653.5,61.85466837676846,56,26740782631657,success,2026-07-27T21:06:51.304+09:00,2026-07-27T21:06:51.378+09:00
4,3.0,red,0.6,0.2,125.0,50.0,130,110,1,85.823116,2656,0.2881944444444444,356.365961644723,143.9800451807229,138.2082078313253,64.86182228915662,60.17658132530121,138.2082078313253,2567.5,61.032778078668514,58,26740911972746,success,2026-07-27T21:06:51.383+09:00,2026-07-27T21:06:51.500+09:00
5,3.0,red,0.6,0.2,125.0,50.0,130,110,1,35.828068,2599,0.28200954861111116,356.8086564592512,143.69603693728357,138.10811850711812,64.30319353597538,60.275490573297425,138.10811850711812,2511.0,61.032778078668514,59,26740981868092,success,2026-07-27T21:06:51.503+09:00,2026-07-27T21:06:51.578+09:00
6,3.0,red,0.6,0.2,125.0,50.0,130,110,1,154.275133,2694,0.2923177083333333,355.9996330447553,144.53266518188568,138.15738678544915,65.07015590200446,59.90163325909428,138.15738678544915,2605.0,61.85466837676846,61,26741180850342,success,2026-07-27T21:06:51.582+09:00,2026-07-27T21:06:51.767+09:00
7,3.0,red,0.6,0.2,125.0,50.0,130,110,1,40.621499,2693,0.2922092013888889,356.27618444516963,144.4864463423691,138.734125510583,64.9190493873004,60.12810991459339,138.734125510583,2604.0,61.85466837676846,62,26741245375017,success,2026-07-27T21:06:51.770+09:00,2026-07-27T21:06:51.847+09:00
8,3.0,red,0.6,0.2,125.0,50.0,130,110,1,153.63432,2761,0.2995876736111111,355.5808780738965,145.3585657370518,138.89568996740311,65.34661354581674,59.7102499094531,138.89568996740311,2672.5,61.85466837676846,64,26741447459129,success,2026-07-27T21:06:51.851+09:00,2026-07-27T21:06:52.036+09:00
9,3.0,red,0.6,0.2,125.0,50.0,130,110,1,96.709049,2735,0.2967664930555555,356.52165798929116,144.48775137111517,138.51371115173674,64.3744058500914,60.03436928702011,138.51371115173674,2645.0,61.85466837676846,66,26741574685761,success,2026-07-27T21:06:52.039+09:00,2026-07-27T21:06:52.168+09:00
10,3.0,red,0.6,0.2,125.0,50.0,130,110,1,31.332303,2689,0.2917751736111111,356.1238148752406,144.6392711044998,138.4105615470435,65.01747861658609,59.908888062476755,138.4105615470435,2601.5,61.85466837676846,67,26741647567487,success,2026-07-27T21:06:52.172+09:00,2026-07-27T21:06:52.234+09:00
11,3.0,red,0.6,0.2,125.0,50.0,130,110,1,39.508003,2761,0.2995876736111111,355.60247866295254,145.44947482796087,139.33574791742123,65.49474827960884,59.83303151032235,139.33574791742123,2672.5,61.85466837676846,68,26741719546993,success,2026-07-27T21:06:52.237+09:00,2026-07-27T21:06:52.311+09:00
12,3.0,red,0.6,0.2,125.0,50.0,130,110,1,85.637821,2746,0.2979600694444444,355.7746673482722,145.1602330662782,139.48980335032775,65.73816460305899,60.09796067006555,139.48980335032775,2655.0,61.85466837676846,70,26741847951715,success,2026-07-27T21:06:52.315+09:00,2026-07-27T21:06:52.429+09:00
13,3.0,red,0.6,0.2,125.0,50.0,130,110,1,35.276107,2718,0.294921875,356.0920369979137,145.1802796173657,139.2086092715232,64.95621780721119,59.93303899926416,139.2086092715232,2628.0,61.85466837676846,71,26741913391942,success,2026-07-27T21:06:52.433+09:00,2026-07-27T21:06:52.501+09:00
14,3.0,red,0.6,0.2,125.0,50.0,130,110,1,30.633434,2689,0.2917751736111111,356.122678733316,145.10449981405728,138.9531424321309,65.05132019338043,59.894012644105615,138.9531424321309,2600.0,61.85466837676846,72,26741984133267,success,2026-07-27T21:06:52.507+09:00,2026-07-27T21:06:52.567+09:00
15,3.0,red,0.6,0.2,125.0,50.0,130,110,1,33.442649,2712,0.2942708333333333,355.95010198232296,144.74815634218288,139.07153392330383,65.31305309734513,60.12942477876106,139.07153392330383,2621.0,61.85466837676846,73,26742048316887,success,2026-07-27T21:06:52.570+09:00,2026-07-27T21:06:52.638+09:00
16,3.0,red,0.6,0.2,125.0,50.0,130,110,1,91.830304,2750,0.2983940972222222,355.89547813024996,144.7730909090909,138.86363636363637,65.46472727272727,60.02072727272727,138.86363636363637,2659.0,61.85466837676846,75,26742180137377,success,2026-07-27T21:06:52.642+09:00,2026-07-27T21:06:52.762+09:00
17,3.0,red,0.6,0.2,125.0,50.0,130,110,1,37.687008,2714,0.29448784722222227,355.98400799649465,145.0066322770818,139.3087693441415,65.22476050110538,60.081061164333086,139.3087693441415,2626.0,61.85466837676846,76,26742247717784,success,2026-07-27T21:06:52.766+09:00,2026-07-27T21:06:52.836+09:00
18,3.0,red,0.6,0.2,125.0,50.0,130,110,1,34.47585,2728,0.2960069444444444,356.256846323386,144.77932551319648,139.27639296187684,64.95197947214076,60.17925219941349,139.27639296187684,2637.5,61.85466837676846,77,26742319921438,success,2026-07-27T21:06:52.841+09:00,2026-07-27T21:06:52.906+09:00
19,3.0,red,0.6,0.2,125.0,50.0,130,110,1,32.959762,2729,0.2961154513888889,356.0158509444067,145.43532429461342,139.09600586295346,65.05679736167095,59.76584829607915,139.09600586295346,2640.0,62.68173577685928,78,26742387674585,success,2026-07-27T21:06:52.909+09:00,2026-07-27T21:06:52.976+09:00
20,3.0,red,0.6,0.2,125.0,50.0,130,110,1,91.503844,2725,0.2956814236111111,356.2032137388586,144.86348623853212,138.9005504587156,64.84587155963303,59.981651376146786,138.9005504587156,2635.5,62.68173577685928,80,26742516617380,success,2026-07-27T21:06:52.980+09:00,2026-07-27T21:06:53.100+09:00
21,3.0,red,0.6,0.2,125.0,50.0,130,110,1,35.315212,2755,0.2989366319444444,356.0694486672571,145.14228675136115,138.97168784029037,64.86352087114338,59.88711433756806,138.97168784029037,2663.5,62.68173577685928,81,26742583581388,success,2026-07-27T21:06:53.103+09:00,2026-07-27T21:06:53.174+09:00
22,3.0,red,0.6,0.2,125.0,50.0,130,110,1,30.839038,2763,0.2998046875,356.09041894276453,145.12739775606224,138.56894679695984,64.74556641331885,59.72385088671734,138.56894679695984,2673.0,62.68173577685928,82,26742654224182,success,2026-07-27T21:06:53.178+09:00,2026-07-27T21:06:53.235+09:00
23,3.0,red,0.6,0.2,125.0,50.0,130,110,1,37.116645,2746,0.2979600694444444,356.3899562906939,145.3277494537509,138.6722505462491,64.43190094683176,59.62163146394756,138.6722505462491,2656.5,61.85466837676846,83,26742714917505,success,2026-07-27T21:06:53.239+09:00,2026-07-27T21:06:53.311+09:00
24,3.0,red,0.6,0.2,125.0,50.0,130,110,1,91.812099,2694,0.2923177083333333,356.6273444584756,144.32999257609504,138.01002227171492,63.956941351150704,59.93875278396437,138.01002227171492,2605.0,61.85466837676846,85,26742850821998,success,2026-07-27T21:06:53.315+09:00,2026-07-27T21:06:53.434+09:00
25,3.0,red,0.6,0.2,125.0,50.0,130,110,1,35.891726,2738,0.2970920138888889,356.5778224636075,145.52045288531775,139.17969320672023,64.21292914536157,59.74689554419284,139.17969320672023,2647.5,62.68173577685928,86,26742915398499,success,2026-07-27T21:06:53.438+09:00,2026-07-27T21:06:53.509+09:00
26,3.0,red,0.6,0.2,125.0,50.0,130,110,1,90.88792,2758,0.2992621527777778,356.075421268076,145.50036258158084,138.82451051486584,64.65518491660623,59.60514865844815,138.82451051486584,2666.5,62.68173577685928,88,26743048595770,success,2026-07-27T21:06:53.513+09:00,2026-07-27T21:06:53.630+09:00
27,3.0,red,0.6,0.2,125.0,50.0,130,110,1,38.907485,2764,0.2999131944444444,355.93101368864563,145.9399421128799,139.06186685962373,64.7959479015919,59.46273516642547,139.06186685962373,2673.0,62.68173577685928,89,26743116676173,success,2026-07-27T21:06:53.634+09:00,2026-07-27T21:06:53.708+09:00
28,3.0,red,0.6,0.2,125.0,50.0,130,110,1,30.963334,2749,0.2982855902777778,355.9315220573906,145.71262277191707,139.21971626045834,64.92615496544198,59.66060385594762,139.21971626045834,2658.5,62.68173577685928,90,26743190420891,success,2026-07-27T21:06:53.713+09:00,2026-07-27T21:06:53.773+09:00
29,3.0,red,0.6,0.2,125.0,50.0,130,110,1,94.975374,2727,0.2958984375,355.7558586785003,145.31353135313532,138.74110744407773,65.12687935460212,59.67070040337367,138.74110744407773,2637.5,62.68173577685928,92,26743315955064,success,2026-07-27T21:06:53.776+09:00,2026-07-27T21:06:53.904+09:00
30,3.0,red,0.6,0.2,125.0,50.0,130,110,1,32.44325,2715,0.2945963541666667,356.1949341530274,144.6802946593002,138.54069981583794,64.91565377532228,59.94254143646409,138.54069981583794,2625.0,63.245553203367585,93,26743387779720,success,2026-07-27T21:06:53.910+09:00,2026-07-27T21:06:53.969+09:00
31,3.0,red,0.6,0.2,125.0,50.0,130,110,1,33.653186,2724,0.2955729166666667,356.15936733551473,145.28157121879588,138.87555066079295,64.72099853157121,59.73898678414097,138.87555066079295,2634.0,62.68173577685928,94,26743448286414,success,2026-07-27T21:06:53.973+09:00,2026-07-27T21:06:54.042+09:00
32,3.0,red,0.6,0.2,125.0,50.0,130,110,1,90.275127,2674,0.2901475694444444,356.41471392357556,144.48578908002992,138.64809274495138,64.745325355273,60.109199700822735,138.64809274495138,2584.5,62.42595614005443,96,26743581933182,success,2026-07-27T21:06:54.046+09:00,2026-07-27T21:06:54.163+09:00
33,3.0,red,0.6,0.2,125.0,50.0,130,110,1,35.951226,2686,0.29144965277777773,355.6815484860857,144.98696947133283,138.46165301563664,65.28592702903947,59.718168279970214,138.46165301563664,2596.0,62.42595614005443,97,26743648202005,success,2026-07-27T21:06:54.168+09:00,2026-07-27T21:06:54.236+09:00
34,3.0,red,0.6,0.2,125.0,50.0,130,110,1,33.786722,2708,0.2938368055555556,356.1110794008378,144.14844903988183,138.2666174298375,65.01329394387001,60.095273264401776,138.2666174298375,2619.0,63.245553203367585,98,26743719677868,success,2026-07-27T21:06:54.241+09:00,2026-07-27T21:06:54.305+09:00
35,3.0,red,0.6,0.2,125.0,50.0,130,110,1,33.620297,2690,0.2918836805555556,356.5943192122352,144.22007434944237,138.41486988847583,64.59405204460967,60.16728624535316,138.41486988847583,2600.5,63.245553203367585,99,26743782422288,success,2026-07-27T21:06:54.308+09:00,2026-07-27T21:06:54.376+09:00
36,3.0,red,0.6,0.2,125.0,50.0,130,110,1,91.847339,2729,0.2961154513888889,356.3720166893389,143.7478930010993,138.19677537559545,64.84646390619274,60.301209234151706,138.19677537559545,2638.5,63.245553203367585,101,26743916262128,success,2026-07-27T21:06:54.380+09:00,2026-07-27T21:06:54.502+09:00
37,3.0,red,0.6,0.2,125.0,50.0,130,110,1,34.456958,2685,0.2913411458333333,355.88546695074535,144.1586592178771,138.15754189944133,65.53333333333333,60.05512104283054,138.15754189944133,2595.5,63.245553203367585,102,26743983674851,success,2026-07-27T21:06:54.505+09:00,2026-07-27T21:06:54.575+09:00
38,3.0,red,0.6,0.2,125.0,50.0,130,110,1,92.645612,2714,0.29448784722222227,356.07847827174777,144.26823876197494,138.54163596168019,65.19638909358879,60.151068533529845,138.54163596168019,2623.5,64.07027391856539,104,26744118623277,success,2026-07-27T21:06:54.579+09:00,2026-07-27T21:06:54.701+09:00
39,3.0,red,0.6,0.2,125.0,50.0,130,110,1,37.915213,2693,0.2922092013888889,356.4917064334145,144.10842926104715,138.31414779056814,64.57890828072782,60.15707389528407,138.31414779056814,2605.5,64.07027391856539,105,26744186400293,success,2026-07-27T21:06:54.705+09:00,2026-07-27T21:06:54.785+09:00
40,3.0,red,0.6,0.2,125.0,50.0,130,110,1,82.959954,2711,0.2941623263888889,356.0553571479623,145.0829952047215,139.02729620066395,65.05643673921062,59.908520841018074,139.02729620066395,2620.5,63.245553203367585,107,26744314010934,success,2026-07-27T21:06:54.789+09:00,2026-07-27T21:06:54.903+09:00
41,3.0,red,0.6,0.2,125.0,50.0,130,110,1,38.55519,2691,0.2919921875,356.53837367707035,144.25455221107396,138.01858045336306,64.34076551467855,59.94760312151617,138.01858045336306,2601.5,63.245553203367585,108,26744388739460,success,2026-07-27T21:06:54.906+09:00,2026-07-27T21:06:54.986+09:00
42,3.0,red,0.6,0.2,125.0,50.0,130,110,1,79.500161,2715,0.2945963541666667,355.8614469722226,145.67882136279925,137.9355432780847,64.69539594843462,59.12412523020258,137.9355432780847,2625.0,63.245553203367585,110,26744515908734,success,2026-07-27T21:06:54.990+09:00,2026-07-27T21:06:55.099+09:00
43,3.0,red,0.6,0.2,125.0,50.0,130,110,1,34.425705,2670,0.2897135416666667,356.7507611722281,144.1827715355805,137.16179775280898,63.68726591760299,59.61947565543071,137.16179775280898,2581.5,63.245553203367585,111,26744583509952,success,2026-07-27T21:06:55.103+09:00,2026-07-27T21:06:55.172+09:00
44,3.0,red,0.6,0.2,125.0,50.0,130,110,1,102.418527,2710,0.2940538194444444,356.1863559881909,144.82140221402213,137.92767527675278,64.42287822878228,59.60405904059041,137.92767527675278,2619.0,63.245553203367585,113,26744715840292,success,2026-07-27T21:06:55.176+09:00,2026-07-27T21:06:55.307+09:00
45,3.0,red,0.6,0.2,125.0,50.0,130,110,1,32.390601,2726,0.2957899305555556,356.5917161549908,144.96698459280998,137.7868672046955,63.853631694790906,59.46074834922964,137.7868672046955,2636.0,63.245553203367585,114,26744785690849,success,2026-07-27T21:06:55.311+09:00,2026-07-27T21:06:55.377+09:00
46,3.0,red,0.6,0.2,125.0,50.0,130,110,1,91.840857,2734,0.2966579861111111,356.51880023321013,145.33321141185075,137.84491587417702,63.82626188734455,59.28127286027798,137.84491587417702,2645.0,63.245553203367585,116,26744918903019,success,2026-07-27T21:06:55.381+09:00,2026-07-27T21:06:55.499+09:00
47,3.0,red,0.6,0.2,125.0,50.0,130,110,1,39.995836,2736,0.296875,356.60690376732936,145.21271929824562,137.72880116959064,63.64108187134503,59.29459064327485,137.72880116959064,2645.0,63.245553203367585,117,26744988760057,success,2026-07-27T21:06:55.503+09:00,2026-07-27T21:06:55.576+09:00
48,3.0,red,0.6,0.2,125.0,50.0,130,110,1,93.138575,2691,0.2919921875,356.82288944890104,144.5444072835377,136.96469713861018,63.287253808992936,59.330732069862506,136.96469713861018,2602.0,63.245553203367585,119,26745118785404,success,2026-07-27T21:06:55.580+09:00,2026-07-27T21:06:55.702+09:00
49,3.0,red,0.6,0.2,125.0,50.0,130,110,1,37.894473,2653,0.2878689236111111,356.94176539981623,144.5887674330946,137.29325292122127,63.21975122502827,59.47304937806257,137.29325292122127,2565.5,64.07027391856539,120,26745186294987,success,2026-07-27T21:06:55.705+09:00,2026-07-27T21:06:55.776+09:00
50,3.0,red,0.6,0.2,125.0,50.0,130,110,1,94.420238,2707,0.2937282986111111,356.7833278686303,144.36756557074253,136.92500923531585,63.44144809752493,59.410786848910234,136.92500923531585,2618.5,63.245553203367585,122,26745319478676,success,2026-07-27T21:06:55.781+09:00,2026-07-27T21:06:55.902+09:00
51,3.0,red,0.6,0.2,125.0,50.0,130,110,1,35.510629,2685,0.2913411458333333,356.6072129410124,144.50837988826817,137.05437616387337,63.67746741154562,59.3951582867784,137.05437616387337,2598.0,63.245553203367585,123,26745386600537,success,2026-07-27T21:06:55.906+09:00,2026-07-27T21:06:55.978+09:00
52,3.0,red,0.6,0.2,125.0,50.0,130,110,1,93.405964,2672,0.2899305555555556,356.7650563452023,144.7806886227545,137.1500748502994,63.31399700598802,59.29266467065868,137.1500748502994,2582.0,64.07027391856539,125,26745519568320,success,2026-07-27T21:06:55.982+09:00,2026-07-27T21:06:56.102+09:00
53,3.0,red,0.6,0.2,125.0,50.0,130,110,1,35.527128,2699,0.2928602430555555,356.6233777218082,144.23156724712857,136.80844757317524,63.81215264912931,59.450907743608745,136.80844757317524,2611.0,64.07027391856539,126,26745586411960,success,2026-07-27T21:06:56.106+09:00,2026-07-27T21:06:56.176+09:00
54,3.0,red,0.6,0.2,125.0,50.0,130,110,1,92.977094,2680,0.2907986111111111,356.6090857314582,144.61716417910446,136.91828358208954,63.565298507462686,59.2839552238806,136.91828358208954,2591.0,64.07027391856539,128,26745718868410,success,2026-07-27T21:06:56.180+09:00,2026-07-27T21:06:56.303+09:00
55,3.0,red,0.6,0.2,125.0,50.0,130,110,1,34.676631,2638,0.2862413194444444,356.9011542618135,144.45375284306292,136.84874905231237,63.20887035633055,59.33017437452616,136.84874905231237,2549.5,63.245553203367585,129,26745787174268,success,2026-07-27T21:06:56.306+09:00,2026-07-27T21:06:56.381+09:00
56,3.0,red,0.6,0.2,125.0,50.0,130,110,1,88.631201,2662,0.2888454861111111,356.72625499835004,144.73854244928626,136.8031555221638,63.35199098422239,59.16453794139745,136.8031555221638,2575.0,64.07027391856539,131,26745919607645,success,2026-07-27T21:06:56.385+09:00,2026-07-27T21:06:56.503+09:00
57,3.0,red,0.6,0.2,125.0,50.0,130,110,1,37.368993,2701,0.2930772569444445,356.3348404420578,144.63272861903,136.70307293594965,63.77341725286931,59.191040355423915,136.70307293594965,2611.0,63.245553203367585,132,26745989173498,success,2026-07-27T21:06:56.506+09:00,2026-07-27T21:06:56.576+09:00
58,3.0,red,0.6,0.2,125.0,50.0,130,110,1,93.36613,2650,0.2875434027777778,356.72352095654463,144.22377358490567,136.67396226415093,63.42566037735849,59.386792452830186,136.67396226415093,2560.0,64.07027391856539,134,26746120080565,success,2026-07-27T21:06:56.581+09:00,2026-07-27T21:06:56.703+09:00
59,3.0,red,0.6,0.2,125.0,50.0,130,110,1,35.59348,2681,0.2909071180555555,356.6370325742627,144.41029466616934,136.85192092502797,63.59343528534129,59.360686311077956,136.85192092502797,2592.5,64.07027391856539,135,26746187823998,success,2026-07-27T21:06:56.707+09:00,2026-07-27T21:06:56.777+09:00
60,3.0,red,0.6,0.2,125.0,50.0,130,110,1,90.528565,2683,0.2911241319444445,356.6010782528427,144.51323145732388,136.57249347745062,63.53671263510995,59.16548639582557,136.57249347745062,2594.0,64.63745044476924,137,26746317845846,success,2026-07-27T21:06:56.783+09:00,2026-07-27T21:06:56.900+09:00
61,3.0,red,0.6,0.2,125.0,50.0,130,110,1,40.671389,2652,0.2877604166666667,356.74244033484786,143.920814479638,136.35935143288086,63.50188536953243,59.41289592760181,136.35935143288086,2563.5,64.07027391856539,138,26746388911972,success,2026-07-27T21:06:56.902+09:00,2026-07-27T21:06:56.976+09:00
62,3.0,red,0.6,0.2,125.0,50.0,130,110,1,91.627524,2696,0.29253472222222227,356.70044192344847,144.70103857566767,136.73479228486647,63.175816023738875,59.13612759643917,136.73479228486647,2607.0,64.07027391856539,140,26746518444080,success,2026-07-27T21:06:56.981+09:00,2026-07-27T21:06:57.099+09:00
63,3.0,red,0.6,0.2,125.0,50.0,130,110,1,41.858626,2676,0.2903645833333333,356.7279176078069,144.57623318385652,136.56913303437966,63.25896860986547,59.14424514200299,136.56913303437966,2587.0,64.63745044476924,141,26746589339393,success,2026-07-27T21:06:57.103+09:00,2026-07-27T21:06:57.180+09:00
64,3.0,red,0.6,0.2,125.0,50.0,130,110,1,89.077255,2657,0.2883029513888889,356.7067667441009,144.67595031990967,136.50094091080166,63.38577342867896,59.09183289424163,136.50094091080166,2566.0,64.07027391856539,143,26746719057611,success,2026-07-27T21:06:57.184+09:00,2026-07-27T21:06:57.300+09:00
65,3.0,red,0.6,0.2,125.0,50.0,130,110,1,45.254097,2647,0.2872178819444445,356.9534522180589,144.07517944843218,136.0060445787684,63.0173781639592,59.16055912353608,136.0060445787684,2560.0,64.07027391856539,144,26746792175176,success,2026-07-27T21:06:57.302+09:00,2026-07-27T21:06:57.381+09:00
66,3.0,red,0.6,0.2,125.0,50.0,130,110,1,88.909571,2657,0.2883029513888889,357.2700594335,144.46932630786603,136.58298833270607,62.58411742566805,59.21001129092962,136.58298833270607,2568.5,64.07027391856539,146,26746919745216,success,2026-07-27T21:06:57.385+09:00,2026-07-27T21:06:57.503+09:00
67,3.0,red,0.6,0.2,125.0,50.0,130,110,1,37.610307,2672,0.2899305555555556,356.6107050284519,144.6949850299401,136.6493263473054,63.43712574850299,59.11414670658683,136.6493263473054,2582.5,64.07027391856539,147,26746989846364,success,2026-07-27T21:06:57.507+09:00,2026-07-27T21:06:57.579+09:00
68,3.0,red,0.6,0.2,125.0,50.0,130,110,1,91.373525,2675,0.2902560763888889,356.574716389707,144.42168224299064,136.58878504672896,63.62728971962617,59.25046728971962,136.58878504672896,2584.5,64.07027391856539,149,26747120360358,success,2026-07-27T21:06:57.583+09:00,2026-07-27T21:06:57.703+09:00
69,3.0,red,0.6,0.2,125.0,50.0,130,110,1,35.48235,2671,0.2898220486111111,356.98571310899626,144.2740546611756,136.45338824410334,62.979408461250465,59.30999625608386,136.45338824410334,2582.5,64.63745044476924,150,26747186882481,success,2026-07-27T21:06:57.707+09:00,2026-07-27T21:06:57.777+09:00
70,3.0,red,0.6,0.2,125.0,50.0,130,110,1,93.045446,2651,0.2876519097222222,356.85281777465303,144.5066012825349,136.50773293096944,63.00943040362127,59.15201810637495,136.50773293096944,2563.0,64.07027391856539,152,26747320334650,success,2026-07-27T21:06:57.781+09:00,2026-07-27T21:06:57.903+09:00
71,3.0,red,0.6,0.2,125.0,50.0,130,110,1,36.551995,2707,0.2937282986111111,356.35537646883915,144.23051348356114,136.3819726634651,63.80458071666051,59.249353527890655,136.3819726634651,2616.5,64.89992295835181,153,26747387525123,success,2026-07-27T21:06:57.906+09:00,2026-07-27T21:06:57.977+09:00
72,3.0,red,0.6,0.2,125.0,50.0,130,110,1,97.304303,2698,0.2927517361111111,356.6700008320549,144.81727205337288,136.64418087472203,63.225352112676056,59.04781319495923,136.64418087472203,2610.0,64.89992295835181,155,26747523883357,success,2026-07-27T21:06:57.981+09:00,2026-07-27T21:06:58.109+09:00
73,3.0,red,0.6,0.2,125.0,50.0,130,110,1,35.371832,2651,0.2876519097222222,356.5281168728655,144.80761976612598,136.33157299132404,63.26744624669936,58.93625047152018,136.33157299132404,2563.0,65.45991139621256,156,26747587779247,success,2026-07-27T21:06:58.112+09:00,2026-07-27T21:06:58.184+09:00
74,3.0,red,0.6,0.2,125.0,50.0,130,110,1,88.994551,2682,0.291015625,357.1352995226227,144.0234899328859,136.2994034302759,62.86763609246831,59.337434750186425,136.2994034302759,2593.0,64.89992295835181,158,26747722357673,success,2026-07-27T21:06:58.188+09:00,2026-07-27T21:06:58.304+09:00
75,3.0,red,0.6,0.2,125.0,50.0,130,110,1,36.45744,2667,0.2893880208333333,356.638373085628,144.72290963629547,136.3907011623547,63.20059992500937,58.979002624671914,136.3907011623547,2578.0,65.45991139621256,159,26747788709666,success,2026-07-27T21:06:58.308+09:00,2026-07-27T21:06:58.384+09:00
76,3.0,red,0.6,0.2,125.0,50.0,130,110,1,88.155165,2691,0.2919921875,356.8705627126682,144.92270531400968,136.43032329988853,62.88145670754366,58.96135265700483,136.43032329988853,2602.5,65.45991139621256,161,26747922682334,success,2026-07-27T21:06:58.388+09:00,2026-07-27T21:06:58.504+09:00
77,3.0,red,0.6,0.2,125.0,50.0,130,110,1,35.173555,2647,0.2872178819444445,356.6722445936746,144.45485455232338,136.23649414431432,63.20929353985644,59.07480166225916,136.23649414431432,2558.0,65.45991139621256,162,26747988860495,success,2026-07-27T21:06:58.508+09:00,2026-07-27T21:06:58.578+09:00
78,3.0,red,0.6,0.2,125.0,50.0,130,110,1,94.470515,2678,0.29058159722222227,356.7036270841583,145.02240477968633,136.36071695294996,62.91822255414488,58.83383121732636,136.36071695294996,2588.5,65.45991139621256,164,26748122453387,success,2026-07-27T21:06:58.582+09:00,2026-07-27T21:06:58.705+09:00
79,3.0,red,0.6,0.2,125.0,50.0,130,110,1,36.315347,2699,0.2928602430555555,356.7080875030627,144.79103371619118,136.43979251574657,63.0974434975917,58.96961837717673,136.43979251574657,2610.0,64.89992295835181,165,26748189348749,success,2026-07-27T21:06:58.708+09:00,2026-07-27T21:06:58.778+09:00
80,3.0,red,0.6,0.2,125.0,50.0,130,110,1,89.695587,2673,0.2900390625,357.0306036548743,144.54208754208753,136.53423120089786,62.819304152637486,59.14291058735503,136.53423120089786,2584.5,65.45991139621256,167,26748318623598,success,2026-07-27T21:06:58.782+09:00,2026-07-27T21:06:58.900+09:00
81,3.0,red,0.6,0.2,125.0,50.0,130,110,1,39.559005,2643,0.28678385416666663,356.6229617616327,144.61256148316306,136.33371169125994,63.289822171774496,59.020431328036324,136.33371169125994,2555.0,65.45991139621256,168,26748388258655,success,2026-07-27T21:06:58.903+09:00,2026-07-27T21:06:58.977+09:00
82,3.0,red,0.6,0.2,125.0,50.0,130,110,1,93.98285,2686,0.29144965277777773,356.47911233116383,144.6463142218913,136.58153387937455,63.48771407297096,59.11801935964259,136.58153387937455,2596.0,65.45991139621256,170,26748520895994,success,2026-07-27T21:06:58.981+09:00,2026-07-27T21:06:59.102+09:00
83,3.0,red,0.6,0.2,125.0,50.0,130,110,1,37.873139,2665,0.2891710069444445,356.7167732654006,144.40825515947466,136.471669793621,63.352720450281424,59.199624765478426,136.471669793621,2574.0,65.45991139621256,171,26748588990668,success,2026-07-27T21:06:59.105+09:00,2026-07-27T21:06:59.178+09:00
84,3.0,red,0.6,0.2,125.0,50.0,130,110,1,87.250757,2671,0.2898220486111111,356.60140538753916,144.7596405840509,136.07150879820293,63.08274054661175,58.819917633845,136.07150879820293,2581.5,64.63745044476924,173,26748715434530,success,2026-07-27T21:06:59.182+09:00,2026-07-27T21:06:59.295+09:00
85,3.0,red,0.6,0.2,125.0,50.0,130,110,1,48.868864,2672,0.2899305555555556,356.6878695037189,144.55351796407186,136.35928143712576,63.313248502994014,59.08944610778443,136.35928143712576,2584.0,65.45991139621256,174,26748792900666,success,2026-07-27T21:06:59.300+09:00,2026-07-27T21:06:59.390+09:00
86,3.0,red,0.6,0.2,125.0,50.0,130,110,1,85.153355,2617,0.2839626736111111,357.0870897020065,144.16125334352313,135.9977072984333,62.80970576996561,59.13488727550631,135.9977072984333,2530.0,65.45991139621256,176,26748919419979,success,2026-07-27T21:06:59.395+09:00,2026-07-27T21:06:59.513+09:00
87,3.0,red,0.6,0.2,125.0,50.0,130,110,1,38.408838,2654,0.2879774305555556,356.6565601787815,144.71363978899774,136.5399397136398,63.227204220045216,59.073097211755844,136.5399397136398,2565.0,65.45991139621256,177,26749001319936,success,2026-07-27T21:06:59.520+09:00,2026-07-27T21:06:59.602+09:00
88,3.0,red,0.6,0.2,125.0,50.0,130,110,1,75.460752,2679,0.29069010416666663,357.0272530055429,144.5136244867488,136.33930571108624,62.75438596491228,59.08771929824562,136.33930571108624,2591.0,66.03029607687671,179,26749117877852,success,2026-07-27T21:06:59.607+09:00,2026-07-27T21:06:59.725+09:00
89,3.0,red,0.6,0.2,125.0,50.0,130,110,1,91.867392,2608,0.2829861111111111,356.9209889714598,144.65682515337423,136.37615030674846,62.8784509202454,59.01188650306749,136.37615030674846,2521.0,66.03029607687671,181,26749258493460,success,2026-07-27T21:06:59.728+09:00,2026-07-27T21:06:59.855+09:00
90,3.0,red,0.6,0.2,125.0,50.0,130,110,1,89.697806,2702,0.2931857638888889,356.4839550938617,144.2057735011103,136.25647668393782,63.66469282013323,59.223538119911176,136.25647668393782,2611.0,65.45991139621256,182,26749388188468,success,2026-07-27T21:06:59.860+09:00,2026-07-27T21:06:59.984+09:00
91,3.0,red,0.6,0.2,125.0,50.0,130,110,1,41.922587,2659,0.2885199652777778,356.6665661402241,144.3896201579541,136.11169612636328,63.18352764197066,59.050394885295226,136.11169612636328,2568.0,65.45991139621256,183,26749475301188,success,2026-07-27T21:06:59.996+09:00,2026-07-27T21:07:00.073+09:00
92,3.0,red,0.6,0.2,125.0,50.0,130,110,,,,,,,,,,,,,183,26749475301188,camera_frame_timeout,2026-07-27T21:07:00.077+09:00,2026-07-27T21:07:00.277+09:00
93,3.0,red,0.6,0.2,125.0,50.0,130,110,1,197.098451,2669,0.2896050347222222,356.6696050652646,144.77369801423754,136.2997377294867,63.004121393780444,58.92918696140877,136.2997377294867,2578.0,65.21502894272147,184,26749918760748,success,2026-07-27T21:07:00.281+09:00,2026-07-27T21:07:00.507+09:00
94,3.0,red,0.6,0.2,125.0,50.0,130,110,,,,,,,,,,,,,184,26749918760748,camera_frame_timeout,2026-07-27T21:07:00.510+09:00,2026-07-27T21:07:00.710+09:00
95,3.0,red,0.6,0.2,125.0,50.0,130,110,1,225.357279,2654,0.2879774305555556,357.1033294510704,143.84400904295404,136.2467972871138,63.08515448379804,59.4197437829691,136.2467972871138,2565.5,64.63745044476924,185,26750382955139,success,2026-07-27T21:07:00.714+09:00,2026-07-27T21:07:00.973+09:00
96,3.0,red,0.6,0.2,125.0,50.0,130,110,1,44.221876,2653,0.2878689236111111,356.79287485677656,144.68752355823597,136.54240482472673,63.02223897474557,59.090840557859025,136.54240482472673,2563.5,64.63745044476924,186,26750451654299,success,2026-07-27T21:07:00.977+09:00,2026-07-27T21:07:01.060+09:00
97,3.0,red,0.6,0.2,125.0,50.0,130,110,1,78.131375,2677,0.2904730902777778,356.12209750995385,144.72431826671647,136.54650728427345,64.00261486738887,59.075831154277175,136.54650728427345,2589.5,65.21502894272147,188,26750588803009,success,2026-07-27T21:07:01.064+09:00,2026-07-27T21:07:01.169+09:00
98,3.0,red,0.6,0.2,125.0,50.0,130,110,1,40.478832,2693,0.2922092013888889,356.6085281110589,144.71295952469364,136.77460081693278,63.438915707389526,59.17564054957297,136.77460081693278,2604.5,64.63745044476924,189,26750657799576,success,2026-07-27T21:07:01.172+09:00,2026-07-27T21:07:01.247+09:00
99,3.0,red,0.6,0.2,125.0,50.0,130,110,1,94.024664,2675,0.2902560763888889,356.6250877100591,144.8358878504673,136.54317757009346,63.21719626168224,59.0,136.54317757009346,2586.5,66.03029607687671,191,26750791548610,success,2026-07-27T21:07:01.251+09:00,2026-07-27T21:07:01.373+09:00
100,3.0,red,0.6,0.2,125.0,50.0,130,110,1,35.911696,2653,0.2878689236111111,356.43399673826406,144.68262344515642,136.40934790802865,63.48737278552582,59.00527704485488,136.40934790802865,2563.5,66.03029607687671,192,26750857443741,success,2026-07-27T21:07:01.377+09:00,2026-07-27T21:07:01.446+09:00
